exterior-paint-guide	01-exterior-house-paint.png
noisy-water-pump-fix	01-noisy-water-pump.png
paint-coverage-per-bucket	02-paint-coverage-calculation.png
water-pump-size-house	02-two-storey-pump-wattage.png
how-to-choose-water-pump	03-choose-home-water-pump.png
how-to-paint-wall	03-smooth-diy-painting.png
auto-vs-centrifugal-pump	04-automatic-vs-centrifugal-pump.png
rooftop-waterproof-paint	04-rooftop-waterproofing.png
water-tank-above-vs-underground	05-above-vs-underground-water-tank.png
paint-comparison-guide	05-compare-house-paint.png
acrylic-vs-oil-paint	06-acrylic-vs-oil-paint.png
read-water-meter	06-read-water-meter-check-leak.png
how-to-choose-faucet	07-faucet-materials.png
wall-prep-before-painting	07-wall-preparation.png
plumbing-fittings-guide	08-home-plumbing-equipment.png
ppr-pipe-vs-pvc	08-ppr-vs-pvc.png
pvc-pipe-size-chart	09-pvc-pipe-size-chart.png
gate-valve-vs-ball-valve	09-valve-types.png
precast-manhole-vs-brick	10-precast-vs-brick-inspection-chamber.png
pvc-pipe-glue	10-pvc-cement.png
drain-grating-guide	11-drain-grate-types.png
pvc-pipe-types	11-pvc-pipe-types.png
home-plumbing-system-guide	12-home-water-supply-system.png
ppr-heat-fusion	12-ppr-heat-fusion.png
electrical-conduit-types	13-electrical-conduit-types.png
home-drainage-system	13-home-drainage-system.png
plumbing-standards-projects	30-plumbing-standards-projects.png
material-selection-projects	31-material-selection-projects.png
high-rise-plumbing	32-high-rise-plumbing.png
bulk-material-order	33-bulk-material-order.png
project-material-supply	35-project-material-supply.png
construction-materials-tools	34-construction-materials-tools.png
basic-home-tools	43-basic-home-tools.png
electric-drill-guide	44-electric-drill-guide.png
pe-pipe-guide	36-pe-pipe-guide.png
unclog-drain-pipe	37-unclog-drain-pipe.png
pvc-fittings-types	38-pvc-fittings-types.png
thread-seal-tape	39-thread-seal-tape.png
water-pump-not-working	40-water-pump-not-working.png
inverter-water-pump	41-inverter-water-pump.png
how-to-clean-water-tank	42-how-to-clean-water-tank.png
low-water-pressure-fix	46-low-water-pressure-fix.png
heat-reflective-paint	28-heat-reflective-paint.png
concrete-primer-guide	45-concrete-primer-guide.png
